{
    "Precision": 0.7151702786377709,
    "Recall": 0.6695652173913044,
    "Accuracy": 0.7014492753623188,
    "F1": 0.6916167664670658,
    "Micro-F1": 0.7014492753623188,
    "Macro-F1": 0.7011454618852183,
    "Weighted-F1": 0.7011454618852183
}