{
    "Precision": 0.6842105263157895,
    "Recall": 0.73125,
    "Accuracy": 0.696875,
    "F1": 0.7069486404833837,
    "Micro-F1": 0.696875,
    "Macro-F1": 0.6965163914391028,
    "Weighted-F1": 0.6965163914391028
}