{
    "Precision": 0.6395833333333333,
    "Recall": 0.9871382636655949,
    "Accuracy": 0.7742346938775511,
    "F1": 0.7762326169405815,
    "Micro-F1": 0.7742346938775511,
    "Macro-F1": 0.7742166945706769,
    "Weighted-F1": 0.773800139183018
}