{
    "Precision": 0.7370242214532872,
    "Recall": 0.6173913043478261,
    "Accuracy": 0.6985507246376812,
    "F1": 0.6719242902208202,
    "Micro-F1": 0.6985507246376812,
    "Macro-F1": 0.6965519574428498,
    "Weighted-F1": 0.6965519574428498
}