{
    "Precision": 0.7278911564625851,
    "Recall": 0.8214971209213052,
    "Accuracy": 0.7571976967370442,
    "F1": 0.7718665464382326,
    "Micro-F1": 0.7571976967370442,
    "Macro-F1": 0.7561896834755266,
    "Weighted-F1": 0.7561896834755265
}