{
    "Precision": 0.695364238410596,
    "Recall": 0.65625,
    "Accuracy": 0.684375,
    "F1": 0.6752411575562701,
    "Micro-F1": 0.684375,
    "Macro-F1": 0.6841251380486517,
    "Weighted-F1": 0.6841251380486517
}