{
    "Precision": 0.6984375,
    "Recall": 0.8579654510556622,
    "Accuracy": 0.7437619961612284,
    "F1": 0.7700258397932817,
    "Micro-F1": 0.7437619961612284,
    "Macro-F1": 0.7403758668088836,
    "Weighted-F1": 0.7403758668088835
}