{
    "Precision": 0.6280487804878049,
    "Recall": 0.9935691318327974,
    "Accuracy": 0.764030612244898,
    "F1": 0.7696139476961394,
    "Micro-F1": 0.764030612244898,
    "Macro-F1": 0.7638919411683311,
    "Weighted-F1": 0.7627095877786564
}