{
    "Precision": 0.6518987341772152,
    "Recall": 0.9935691318327974,
    "Accuracy": 0.7869897959183674,
    "F1": 0.7872611464968153,
    "Micro-F1": 0.7869897959183674,
    "Macro-F1": 0.7869894493659044,
    "Weighted-F1": 0.7869333078669153
}