{
    "Precision": 0.7423728813559322,
    "Recall": 0.6347826086956522,
    "Accuracy": 0.7072463768115942,
    "F1": 0.684375,
    "Micro-F1": 0.7072463768115942,
    "Macro-F1": 0.7057010135135136,
    "Weighted-F1": 0.7057010135135134
}