{
    "Precision": 0.6853932584269663,
    "Recall": 0.7625,
    "Accuracy": 0.70625,
    "F1": 0.7218934911242604,
    "Micro-F1": 0.70625,
    "Macro-F1": 0.7053176064892825,
    "Weighted-F1": 0.7053176064892825
}