{
    "Precision": 0.7012195121951219,
    "Recall": 0.8829174664107485,
    "Accuracy": 0.753358925143954,
    "F1": 0.7816482582837723,
    "Micro-F1": 0.753358925143954,
    "Macro-F1": 0.749148274676616,
    "Weighted-F1": 0.7491482746766159
}