{
    "Precision": 0.6833333333333333,
    "Recall": 0.4880952380952381,
    "Accuracy": 0.5507246376811594,
    "F1": 0.5694444444444444,
    "Micro-F1": 0.5507246376811594,
    "Macro-F1": 0.5498737373737373,
    "Weighted-F1": 0.5541282389108476,
    "ROC-AUC": 0.5681216931216931
}