{
    "Precision": 0.5357142857142857,
    "Recall": 0.40540540540540543,
    "Accuracy": 0.4927536231884058,
    "F1": 0.46153846153846156,
    "Micro-F1": 0.4927536231884058,
    "Macro-F1": 0.4910432033719705,
    "Weighted-F1": 0.48890517860142635,
    "ROC-AUC": 0.49957770270270274
}