{
    "Precision": 0.49074074074074076,
    "Recall": 0.6816720257234726,
    "Accuracy": 0.5931122448979592,
    "F1": 0.5706594885598923,
    "Micro-F1": 0.5931122448979592,
    "Macro-F1": 0.5919964109466128,
    "Weighted-F1": 0.5964053158275423,
    "ROC-AUC": 0.6082778733268526
}