{
    "Precision": 0.6551724137931034,
    "Recall": 0.6785714285714286,
    "Accuracy": 0.5869565217391305,
    "F1": 0.6666666666666666,
    "Micro-F1": 0.5869565217391305,
    "Macro-F1": 0.5619047619047619,
    "Weighted-F1": 0.5846790890269151,
    "ROC-AUC": 0.5615079365079365
}