{
    "Precision": 0.6119402985074627,
    "Recall": 0.5540540540540541,
    "Accuracy": 0.572463768115942,
    "F1": 0.5815602836879432,
    "Micro-F1": 0.572463768115942,
    "Macro-F1": 0.5722616233254532,
    "Weighted-F1": 0.5729354392937496,
    "ROC-AUC": 0.573902027027027
}