{
    "Precision": 0.2777777777777778,
    "Recall": 0.625,
    "Accuracy": 0.6521739130434783,
    "F1": 0.38461538461538464,
    "Micro-F1": 0.6521739130434783,
    "Macro-F1": 0.5710955710955711,
    "Weighted-F1": 0.6927130840174318,
    "ROC-AUC": 0.6414473684210528
}