{
    "Precision": 0.66,
    "Recall": 0.39285714285714285,
    "Accuracy": 0.5072463768115942,
    "F1": 0.4925373134328358,
    "Micro-F1": 0.5072463768115942,
    "Macro-F1": 0.5068320369981081,
    "Weighted-F1": 0.5037244883969618,
    "ROC-AUC": 0.539021164021164
}