{
    "Precision": 0.7171532846715328,
    "Recall": 0.7572254335260116,
    "Accuracy": 0.7295476419634264,
    "F1": 0.7366447985004686,
    "Micro-F1": 0.7295476419634264,
    "Macro-F1": 0.7293510837210553,
    "Weighted-F1": 0.7293440637838278,
    "ROC-AUC": 0.7295742552245441
}