{
    "Precision": 0.5689655172413793,
    "Recall": 0.61875,
    "Accuracy": 0.575,
    "F1": 0.592814371257485,
    "Micro-F1": 0.575,
    "Macro-F1": 0.5741849634065204,
    "Weighted-F1": 0.5741849634065203,
    "ROC-AUC": 0.575
}