{
    "Precision": 0.9166666666666666,
    "Recall": 0.1134020618556701,
    "Accuracy": 0.36496350364963503,
    "F1": 0.2018348623853211,
    "Micro-F1": 0.36496350364963503,
    "Macro-F1": 0.33728106755629694,
    "Weighted-F1": 0.2809275369377157,
    "ROC-AUC": 0.544201030927835
}