{
    "Precision": 0.5428571428571428,
    "Recall": 0.8769230769230769,
    "Accuracy": 0.5942028985507246,
    "F1": 0.6705882352941176,
    "Micro-F1": 0.5942028985507246,
    "Macro-F1": 0.5711431742508324,
    "Weighted-F1": 0.5653782431758593,
    "ROC-AUC": 0.6096944151738672
}