{
    "Precision": 0.5497076023391813,
    "Recall": 0.5875,
    "Accuracy": 0.553125,
    "F1": 0.56797583081571,
    "Micro-F1": 0.553125,
    "Macro-F1": 0.5525963296473372,
    "Weighted-F1": 0.5525963296473372,
    "ROC-AUC": 0.553125
}