{
    "Precision": 0.706959706959707,
    "Recall": 0.74373795761079,
    "Accuracy": 0.7179980750721848,
    "F1": 0.7248826291079812,
    "Micro-F1": 0.7179980750721848,
    "Macro-F1": 0.7178213737840005,
    "Weighted-F1": 0.7178145775806087,
    "ROC-AUC": 0.7180228249592412
}