{
    "Precision": 0.5272727272727272,
    "Recall": 0.3918918918918919,
    "Accuracy": 0.4855072463768116,
    "F1": 0.4496124031007752,
    "Micro-F1": 0.4855072463768116,
    "Macro-F1": 0.48330960291093183,
    "Weighted-F1": 0.4808677768377321,
    "ROC-AUC": 0.49282094594594594
}