{
    "Precision": 0.5909090909090909,
    "Recall": 0.527027027027027,
    "Accuracy": 0.5507246376811594,
    "F1": 0.5571428571428572,
    "Micro-F1": 0.5507246376811594,
    "Macro-F1": 0.5506302521008404,
    "Weighted-F1": 0.5511021800024357,
    "ROC-AUC": 0.5525760135135135
}