{
    "Precision": 0.7625,
    "Recall": 0.6288659793814433,
    "Accuracy": 0.5985401459854015,
    "F1": 0.6892655367231638,
    "Micro-F1": 0.5985401459854015,
    "Macro-F1": 0.5611276137224066,
    "Weighted-F1": 0.6144404721971743,
    "ROC-AUC": 0.5769329896907217
}