{
    "Precision": 0.7,
    "Recall": 0.36082474226804123,
    "Accuracy": 0.43795620437956206,
    "F1": 0.47619047619047616,
    "Micro-F1": 0.43795620437956206,
    "Macro-F1": 0.4349456317960255,
    "Weighted-F1": 0.45210589552218383,
    "ROC-AUC": 0.49291237113402064
}