{
    "Precision": 0.6535433070866141,
    "Recall": 0.51875,
    "Accuracy": 0.621875,
    "F1": 0.578397212543554,
    "Micro-F1": 0.621875,
    "Macro-F1": 0.6178105042887743,
    "Weighted-F1": 0.6178105042887742,
    "ROC-AUC": 0.621875
}