{
    "Precision": 0.7956989247311828,
    "Recall": 0.7628865979381443,
    "Accuracy": 0.6934306569343066,
    "F1": 0.7789473684210526,
    "Micro-F1": 0.6934306569343066,
    "Macro-F1": 0.6394736842105263,
    "Weighted-F1": 0.6975028812908183,
    "ROC-AUC": 0.6439432989690721
}