{
    "Precision": 0.5933147632311978,
    "Recall": 0.684887459807074,
    "Accuracy": 0.6887755102040817,
    "F1": 0.6358208955223881,
    "Micro-F1": 0.6887755102040817,
    "Macro-F1": 0.6820529867366951,
    "Weighted-F1": 0.691606046400876,
    "ROC-AUC": 0.6881096918485688
}