{
    "Precision": 0.5128205128205128,
    "Recall": 0.3076923076923077,
    "Accuracy": 0.5362318840579711,
    "F1": 0.38461538461538464,
    "Micro-F1": 0.5362318840579711,
    "Macro-F1": 0.5062611806797853,
    "Weighted-F1": 0.5133131108864173,
    "ROC-AUC": 0.523709167544784
}