{
    "Precision": 0.3,
    "Recall": 0.25,
    "Accuracy": 0.7681159420289855,
    "F1": 0.2727272727272727,
    "Micro-F1": 0.7681159420289855,
    "Macro-F1": 0.567398119122257,
    "Weighted-F1": 0.7595747580755077,
    "ROC-AUC": 0.5635964912280702
}