{
    "Precision": 0.5303030303030303,
    "Recall": 0.5384615384615384,
    "Accuracy": 0.5579710144927537,
    "F1": 0.5343511450381679,
    "Micro-F1": 0.5579710144927537,
    "Macro-F1": 0.5568307449328771,
    "Weighted-F1": 0.5581339101441646,
    "ROC-AUC": 0.5569020021074815
}