{
    "Precision": 0.5384615384615384,
    "Recall": 0.48125,
    "Accuracy": 0.534375,
    "F1": 0.5082508250825083,
    "Micro-F1": 0.534375,
    "Macro-F1": 0.5330571632830939,
    "Weighted-F1": 0.5330571632830939,
    "ROC-AUC": 0.534375
}