{
    "Precision": 0.6660412757973734,
    "Recall": 0.6840077071290944,
    "Accuracy": 0.670837343599615,
    "F1": 0.6749049429657795,
    "Micro-F1": 0.670837343599615,
    "Macro-F1": 0.6707858048162231,
    "Weighted-F1": 0.6707818402944237,
    "ROC-AUC": 0.6708500074107011
}