{
    "Precision": 0.6523972602739726,
    "Recall": 0.7341040462427746,
    "Accuracy": 0.6717998075072185,
    "F1": 0.6908431550317317,
    "Micro-F1": 0.6717998075072185,
    "Macro-F1": 0.670549782644071,
    "Weighted-F1": 0.6705302510055843,
    "ROC-AUC": 0.6718597154290796
}