{
    "Precision": 0.28846153846153844,
    "Recall": 0.625,
    "Accuracy": 0.6666666666666666,
    "F1": 0.39473684210526316,
    "Micro-F1": 0.6666666666666666,
    "Macro-F1": 0.5823684210526316,
    "Weighted-F1": 0.7047368421052631,
    "ROC-AUC": 0.650219298245614
}