{
    "Precision": 0.6481481481481481,
    "Recall": 0.4166666666666667,
    "Accuracy": 0.5072463768115942,
    "F1": 0.5072463768115942,
    "Micro-F1": 0.5072463768115942,
    "Macro-F1": 0.5072463768115942,
    "Weighted-F1": 0.5072463768115942,
    "ROC-AUC": 0.5324074074074074
}