{
    "Precision": 0.21428571428571427,
    "Recall": 0.375,
    "Accuracy": 0.6521739130434783,
    "F1": 0.2727272727272727,
    "Micro-F1": 0.6521739130434783,
    "Macro-F1": 0.5220779220779221,
    "Weighted-F1": 0.6846979107848674,
    "ROC-AUC": 0.5427631578947368
}