{
    "Precision": 0.5490196078431373,
    "Recall": 0.6302250803858521,
    "Accuracy": 0.6479591836734694,
    "F1": 0.5868263473053892,
    "Micro-F1": 0.6479591836734694,
    "Macro-F1": 0.6400798403193613,
    "Weighted-F1": 0.6510837508656157,
    "ROC-AUC": 0.6449222653514883
}