{
    "Precision": 0.5552238805970149,
    "Recall": 0.5980707395498392,
    "Accuracy": 0.6505102040816326,
    "F1": 0.5758513931888545,
    "Micro-F1": 0.6505102040816326,
    "Macro-F1": 0.6393356749024532,
    "Weighted-F1": 0.6524536004606203,
    "ROC-AUC": 0.6415300843626575
}