{
    "Precision": 0.4714285714285714,
    "Recall": 0.5076923076923077,
    "Accuracy": 0.5,
    "F1": 0.4888888888888889,
    "Micro-F1": 0.5,
    "Macro-F1": 0.4997635933806146,
    "Weighted-F1": 0.5003940110323088,
    "ROC-AUC": 0.5004214963119072
}