{
    "Precision": 0.5212981744421906,
    "Recall": 0.9865642994241842,
    "Accuracy": 0.5403071017274472,
    "F1": 0.6821499668214996,
    "Micro-F1": 0.5403071017274472,
    "Macro-F1": 0.42599699380936334,
    "Weighted-F1": 0.4259969938093633
}