{
    "Precision": 0.43909348441926344,
    "Recall": 0.9967845659163987,
    "Accuracy": 0.49362244897959184,
    "F1": 0.6096361848574238,
    "Micro-F1": 0.49362244897959184,
    "Macro-F1": 0.4445640089441384,
    "Weighted-F1": 0.410454707288587
}