{
    "Precision": 0.58,
    "Recall": 0.90625,
    "Accuracy": 0.625,
    "F1": 0.7073170731707317,
    "Micro-F1": 0.625,
    "Macro-F1": 0.5927889713679746,
    "Weighted-F1": 0.5927889713679745
}