{
    "Precision": 0.43829787234042555,
    "Recall": 0.9935691318327974,
    "Accuracy": 0.4923469387755102,
    "F1": 0.6082677165354331,
    "Micro-F1": 0.4923469387755102,
    "Macro-F1": 0.44362661189090496,
    "Weighted-F1": 0.40960638363527546
}