{
    "Precision": 0.5249745158002038,
    "Recall": 0.9884836852207294,
    "Accuracy": 0.5470249520153551,
    "F1": 0.6857523302263648,
    "Micro-F1": 0.5470249520153551,
    "Macro-F1": 0.43737788332624083,
    "Weighted-F1": 0.43737788332624083
}