{
    "Precision": 0.5743801652892562,
    "Recall": 0.5335892514395394,
    "Accuracy": 0.5690978886756238,
    "F1": 0.5532338308457712,
    "Micro-F1": 0.5690978886756238,
    "Macro-F1": 0.5685538941068522,
    "Weighted-F1": 0.5685538941068522
}