{
    "Precision": 0.5322033898305085,
    "Recall": 0.98125,
    "Accuracy": 0.559375,
    "F1": 0.6901098901098901,
    "Micro-F1": 0.559375,
    "Macro-F1": 0.463973863973864,
    "Weighted-F1": 0.46397386397386403
}