{
    "Precision": 0.7297297297297297,
    "Recall": 0.75,
    "Accuracy": 0.7246376811594203,
    "F1": 0.7397260273972602,
    "Micro-F1": 0.7246376811594203,
    "Macro-F1": 0.723709167544784,
    "Weighted-F1": 0.7244055527557614
}
