{
  "Precision": 0.7152317880794702,
  "Recall": 0.675,
  "Accuracy": 0.703125,
  "F1": 0.6945337620578779,
  "Micro-F1": 0.703125,
  "Macro-F1": 0.7028899813328904,
  "Weighted-F1": 0.7028899813328904
}