{
    "Precision": 0.5230524642289348,
    "Recall": 0.9536231884057971,
    "Accuracy": 0.5420289855072464,
    "F1": 0.675564681724846,
    "Micro-F1": 0.5420289855072464,
    "Macro-F1": 0.44861977928606833,
    "Weighted-F1": 0.4486197792860683
}