{
    "Precision": 0.43892045454545453,
    "Recall": 0.9935691318327974,
    "Accuracy": 0.49362244897959184,
    "F1": 0.6088669950738916,
    "Micro-F1": 0.49362244897959184,
    "Macro-F1": 0.4454823221300742,
    "Weighted-F1": 0.41172171369015276
}