{
    "Precision": 0.6764705882352942,
    "Recall": 0.9452054794520548,
    "Accuracy": 0.7318840579710145,
    "F1": 0.7885714285714286,
    "Micro-F1": 0.7318840579710145,
    "Macro-F1": 0.7111173974540311,
    "Weighted-F1": 0.7156074862144599
}
