{
    "Precision": 0.7269736842105263,
    "Recall": 0.7106109324758842,
    "Accuracy": 0.7793367346938775,
    "F1": 0.71869918699187,
    "Micro-F1": 0.7793367346938775,
    "Macro-F1": 0.7685835913972991,
    "Weighted-F1": 0.778891338225972
}
