{
    "Precision": 0.5340136054421769,
    "Recall": 0.98125,
    "Accuracy": 0.5625,
    "F1": 0.6916299559471366,
    "Micro-F1": 0.5625,
    "Macro-F1": 0.46947089195206293,
    "Weighted-F1": 0.4694708919520629
}