{
    "Precision": 0.526984126984127,
    "Recall": 0.9623188405797102,
    "Accuracy": 0.5492753623188406,
    "F1": 0.681025641025641,
    "Micro-F1": 0.5492753623188406,
    "Macro-F1": 0.45656220322886987,
    "Weighted-F1": 0.45656220322886987
}