{
    "Precision": 0.5396825396825397,
    "Recall": 0.19883040935672514,
    "Accuracy": 0.5160349854227405,
    "F1": 0.2905982905982906,
    "Micro-F1": 0.5160349854227405,
    "Macro-F1": 0.46167082671507453,
    "Weighted-F1": 0.46216958046468615
}