{
    "Precision": 0.5572916666666666,
    "Recall": 0.6881028938906752,
    "Accuracy": 0.6594387755102041,
    "F1": 0.6158273381294964,
    "Micro-F1": 0.6594387755102041,
    "Macro-F1": 0.6549927068654355,
    "Weighted-F1": 0.6630855509154637
}