{
    "Precision": 0.5482456140350878,
    "Recall": 0.7911392405063291,
    "Accuracy": 0.5709779179810726,
    "F1": 0.6476683937823834,
    "Micro-F1": 0.5709779179810726,
    "Macro-F1": 0.5496406485040949,
    "Weighted-F1": 0.5493314127145735
}