{
    "Precision": 0.5760743321718932,
    "Recall": 0.9520153550863724,
    "Accuracy": 0.6257197696737045,
    "F1": 0.7178002894356006,
    "Micro-F1": 0.6257197696737045,
    "Macro-F1": 0.5811223669400225,
    "Weighted-F1": 0.5811223669400225
}