{
    "Precision": 0.5252365930599369,
    "Recall": 0.9652173913043478,
    "Accuracy": 0.5463768115942029,
    "F1": 0.6802860061287027,
    "Micro-F1": 0.5463768115942029,
    "Macro-F1": 0.4498686888498875,
    "Weighted-F1": 0.4498686888498875
}