{
    "Precision": 0.4690265486725664,
    "Recall": 0.5112540192926045,
    "Accuracy": 0.576530612244898,
    "F1": 0.48923076923076925,
    "Micro-F1": 0.576530612244898,
    "Macro-F1": 0.5637874979051449,
    "Weighted-F1": 0.5791933525546972
}