{
    "Precision": 0.47713717693836977,
    "Recall": 0.7766990291262136,
    "Accuracy": 0.5732647814910026,
    "F1": 0.5911330049261084,
    "Micro-F1": 0.5732647814910026,
    "Macro-F1": 0.5724482228931618,
    "Weighted-F1": 0.5686055941974401
}