{
    "Precision": 0.5609756097560976,
    "Recall": 0.40038684719535783,
    "Accuracy": 0.542192046556741,
    "F1": 0.4672686230248307,
    "Micro-F1": 0.542192046556741,
    "Macro-F1": 0.5329540394035718,
    "Weighted-F1": 0.5327629082210924
}