{
    "Precision": 0.734375,
    "Recall": 0.734375,
    "Accuracy": 0.7536231884057971,
    "F1": 0.734375,
    "Micro-F1": 0.7536231884057971,
    "Macro-F1": 0.7523226351351351,
    "Weighted-F1": 0.7536231884057971
}
