{
    "Precision": 0.5635673624288425,
    "Recall": 0.8608695652173913,
    "Accuracy": 0.5971014492753624,
    "F1": 0.6811926605504587,
    "Micro-F1": 0.5971014492753624,
    "Macro-F1": 0.5669742830311348,
    "Weighted-F1": 0.5669742830311348
}