{
    "Precision": 0.5223577235772358,
    "Recall": 0.9865642994241842,
    "Accuracy": 0.5422264875239923,
    "F1": 0.6830564784053156,
    "Micro-F1": 0.5422264875239923,
    "Macro-F1": 0.4296111407570619,
    "Weighted-F1": 0.4296111407570619
}