{
    "Precision": 0.7285714285714285,
    "Recall": 0.7391304347826086,
    "Accuracy": 0.7318840579710145,
    "F1": 0.7338129496402878,
    "Micro-F1": 0.7318840579710145,
    "Macro-F1": 0.7318699784697789,
    "Weighted-F1": 0.731869978469779
}
