{
    "Precision": 0.6835443037974683,
    "Recall": 0.8059701492537313,
    "Accuracy": 0.7246376811594203,
    "F1": 0.7397260273972602,
    "Micro-F1": 0.7246376811594203,
    "Macro-F1": 0.723709167544784,
    "Weighted-F1": 0.7232449107374659
}