{
  "Precision": 0.7790055248618785,
  "Recall": 0.8119001919385797,
  "Accuracy": 0.7907869481765835,
  "F1": 0.7951127819548872,
  "Micro-F1": 0.7907869481765835,
  "Macro-F1": 0.7906936458794044,
  "Weighted-F1": 0.7906936458794044
}
