{
    "Precision": 0.6014760147601476,
    "Recall": 0.47246376811594204,
    "Accuracy": 0.5797101449275363,
    "F1": 0.5292207792207793,
    "Micro-F1": 0.5797101449275363,
    "Macro-F1": 0.5748198136941592,
    "Weighted-F1": 0.5748198136941592
}