{
    "Precision": 0.5555555555555556,
    "Recall": 0.46875,
    "Accuracy": 0.546875,
    "F1": 0.5084745762711864,
    "Micro-F1": 0.546875,
    "Macro-F1": 0.5440923605993613,
    "Weighted-F1": 0.5440923605993613
}