{
    "Precision": 0.5342465753424658,
    "Recall": 0.975,
    "Accuracy": 0.5625,
    "F1": 0.6902654867256637,
    "Micro-F1": 0.5625,
    "Macro-F1": 0.4727923178309169,
    "Weighted-F1": 0.4727923178309169
}