{
    "Precision": 0.5828092243186582,
    "Recall": 0.5335892514395394,
    "Accuracy": 0.5758157389635317,
    "F1": 0.5571142284569138,
    "Micro-F1": 0.5758157389635317,
    "Macro-F1": 0.57505803503877,
    "Weighted-F1": 0.5750580350387701
}