{
    "Precision": 0.48011363636363635,
    "Recall": 0.5434083601286174,
    "Accuracy": 0.5854591836734694,
    "F1": 0.5098039215686274,
    "Micro-F1": 0.5854591836734694,
    "Macro-F1": 0.57534394973459,
    "Weighted-F1": 0.5888866596362301
}