{
    "Precision": 0.5384615384615384,
    "Recall": 0.4375,
    "Accuracy": 0.53125,
    "F1": 0.4827586206896552,
    "Micro-F1": 0.53125,
    "Macro-F1": 0.5270935960591133,
    "Weighted-F1": 0.5270935960591132
}