{
    "Precision": 0.5261707988980716,
    "Recall": 0.6141479099678456,
    "Accuracy": 0.6275510204081632,
    "F1": 0.5667655786350149,
    "Micro-F1": 0.6275510204081632,
    "Macro-F1": 0.6200718273488273,
    "Weighted-F1": 0.6310866389453038
}