{
    "Precision": 0.6144578313253012,
    "Recall": 0.2956521739130435,
    "Accuracy": 0.5550724637681159,
    "F1": 0.39921722113502933,
    "Micro-F1": 0.5550724637681159,
    "Macro-F1": 0.5229687946871925,
    "Weighted-F1": 0.5229687946871925
}