{
    "Precision": 0.6058823529411764,
    "Recall": 0.5930902111324377,
    "Accuracy": 0.6036468330134357,
    "F1": 0.5994180407371484,
    "Micro-F1": 0.6036468330134357,
    "Macro-F1": 0.6036026575955448,
    "Weighted-F1": 0.6036026575955448
}