{
    "Precision": 0.5857142857142857,
    "Recall": 0.5125,
    "Accuracy": 0.575,
    "F1": 0.5466666666666666,
    "Micro-F1": 0.575,
    "Macro-F1": 0.5733333333333333,
    "Weighted-F1": 0.5733333333333334
}