{
    "Precision": 0.5942307692307692,
    "Recall": 0.5930902111324377,
    "Accuracy": 0.5940499040307101,
    "F1": 0.5936599423631124,
    "Micro-F1": 0.5940499040307101,
    "Macro-F1": 0.5940495301460815,
    "Weighted-F1": 0.5940495301460815
}