{
    "Precision": 0.5774647887323944,
    "Recall": 0.3565217391304348,
    "Accuracy": 0.5478260869565217,
    "F1": 0.44086021505376344,
    "Micro-F1": 0.5478260869565217,
    "Macro-F1": 0.5306490856290715,
    "Weighted-F1": 0.5306490856290715
}