{
    "Precision": 0.5864661654135338,
    "Recall": 0.4875,
    "Accuracy": 0.571875,
    "F1": 0.5324232081911263,
    "Micro-F1": 0.571875,
    "Macro-F1": 0.5688052640379262,
    "Weighted-F1": 0.5688052640379262
}