{
    "Precision": 0.49712643678160917,
    "Recall": 0.5562700964630225,
    "Accuracy": 0.6007653061224489,
    "F1": 0.5250379362670713,
    "Micro-F1": 0.6007653061224489,
    "Macro-F1": 0.5903517514118635,
    "Weighted-F1": 0.6038477183167823
}