{
    "Precision": 0.6065573770491803,
    "Recall": 0.3217391304347826,
    "Accuracy": 0.5565217391304348,
    "F1": 0.42045454545454547,
    "Micro-F1": 0.5565217391304348,
    "Macro-F1": 0.5306498079385403,
    "Weighted-F1": 0.5306498079385403
}