{
    "Precision": 0.5046382189239332,
    "Recall": 0.8745980707395499,
    "Accuracy": 0.6096938775510204,
    "F1": 0.64,
    "Micro-F1": 0.6096938775510204,
    "Macro-F1": 0.6069080779944289,
    "Weighted-F1": 0.6000702063555228,
    "ROC-AUC": 0.6550580205706207
}