{
    "Precision": 0.4838709677419355,
    "Recall": 0.46153846153846156,
    "Accuracy": 0.5144927536231884,
    "F1": 0.47244094488188976,
    "Micro-F1": 0.5144927536231884,
    "Macro-F1": 0.5113882576758442,
    "Weighted-F1": 0.5136460729102763,
    "ROC-AUC": 0.51159114857745
}