{
    "Precision": 0.575,
    "Recall": 0.3108108108108108,
    "Accuracy": 0.5072463768115942,
    "F1": 0.40350877192982454,
    "Micro-F1": 0.5072463768115942,
    "Macro-F1": 0.49187784275503577,
    "Weighted-F1": 0.48547428689813643,
    "ROC-AUC": 0.5225929054054054
}