{
    "Precision": 0.7572815533980582,
    "Recall": 0.7959183673469388,
    "Accuracy": 0.6739130434782609,
    "F1": 0.7761194029850746,
    "Micro-F1": 0.6739130434782609,
    "Macro-F1": 0.5880597014925373,
    "Weighted-F1": 0.6670992861778067,
    "ROC-AUC": 0.5854591836734694
}