{
    "Precision": 0.7358490566037735,
    "Recall": 0.4642857142857143,
    "Accuracy": 0.572463768115942,
    "F1": 0.5693430656934306,
    "Micro-F1": 0.572463768115942,
    "Macro-F1": 0.5724413170193772,
    "Weighted-F1": 0.5717677841224322,
    "ROC-AUC": 0.6025132275132276
}