{
    "Precision": 0.5660377358490566,
    "Recall": 0.6923076923076923,
    "Accuracy": 0.5811719500480308,
    "F1": 0.6228373702422145,
    "Micro-F1": 0.5811719500480308,
    "Macro-F1": 0.5759975188144117,
    "Weighted-F1": 0.5759525237602064,
    "ROC-AUC": 0.5812786062306216
}