{
    "Precision": 0.5705882352941176,
    "Recall": 0.60625,
    "Accuracy": 0.575,
    "F1": 0.5878787878787879,
    "Micro-F1": 0.575,
    "Macro-F1": 0.5745845552297165,
    "Weighted-F1": 0.5745845552297165,
    "ROC-AUC": 0.575
}