{
    "Precision": 0.29411764705882354,
    "Recall": 0.20833333333333334,
    "Accuracy": 0.7753623188405797,
    "F1": 0.24390243902439024,
    "Micro-F1": 0.7753623188405797,
    "Macro-F1": 0.5559937727036846,
    "Weighted-F1": 0.7595315990162678,
    "ROC-AUC": 0.5515350877192982
}