{
    "Precision": 0.7937806873977087,
    "Recall": 0.9309021113243762,
    "Accuracy": 0.8445297504798465,
    "F1": 0.8568904593639576,
    "Micro-F1": 0.8445297504798465,
    "Macro-F1": 0.8433611960685334,
    "Weighted-F1": 0.8433611960685334
}