{
    "Precision": 0.6300813008130082,
    "Recall": 0.9967845659163987,
    "Accuracy": 0.7665816326530612,
    "F1": 0.772104607721046,
    "Micro-F1": 0.7665816326530612,
    "Macro-F1": 0.7664444607232681,
    "Weighted-F1": 0.7652748895324006
}