{
    "Precision": 0.7257142857142858,
    "Recall": 0.79375,
    "Accuracy": 0.746875,
    "F1": 0.7582089552238805,
    "Micro-F1": 0.746875,
    "Macro-F1": 0.7463175923660386,
    "Weighted-F1": 0.7463175923660386
}