{
    "Precision": 0.7701421800947867,
    "Recall": 0.9420289855072463,
    "Accuracy": 0.8304347826086956,
    "F1": 0.847457627118644,
    "Micro-F1": 0.8304347826086956,
    "Macro-F1": 0.8282965133961899,
    "Weighted-F1": 0.8282965133961898
}