{
    "Precision": 0.6948051948051948,
    "Recall": 0.9304347826086956,
    "Accuracy": 0.7608695652173914,
    "F1": 0.7955390334572491,
    "Micro-F1": 0.7608695652173914,
    "Macro-F1": 0.7537904591370015,
    "Weighted-F1": 0.7537904591370015
}