{
    "Precision": 0.7771428571428571,
    "Recall": 0.85,
    "Accuracy": 0.803125,
    "F1": 0.8119402985074626,
    "Micro-F1": 0.803125,
    "Macro-F1": 0.8026914607291411,
    "Weighted-F1": 0.8026914607291411
}