{
    "Precision": 0.7983606557377049,
    "Recall": 0.9347408829174664,
    "Accuracy": 0.8493282149712092,
    "F1": 0.861184792219275,
    "Micro-F1": 0.8493282149712092,
    "Macro-F1": 0.8482209375576963,
    "Weighted-F1": 0.8482209375576962
}