{
    "Precision": 0.7938388625592417,
    "Recall": 0.9710144927536232,
    "Accuracy": 0.8594202898550725,
    "F1": 0.8735332464146024,
    "Micro-F1": 0.8594202898550725,
    "Macro-F1": 0.8576475367472686,
    "Weighted-F1": 0.8576475367472685
}