{
    "Precision": 0.7603833865814696,
    "Recall": 0.9136276391554703,
    "Accuracy": 0.8128598848368522,
    "F1": 0.8299912816041848,
    "Micro-F1": 0.8128598848368522,
    "Macro-F1": 0.8109401445374179,
    "Weighted-F1": 0.8109401445374179
}