{
    "Precision": 0.6973094170403588,
    "Recall": 1.0,
    "Accuracy": 0.8278061224489796,
    "F1": 0.821664464993395,
    "Micro-F1": 0.8278061224489796,
    "Macro-F1": 0.8276016529652548,
    "Weighted-F1": 0.8288284698676034
}