{
    "Precision": 0.7630057803468208,
    "Recall": 0.825,
    "Accuracy": 0.784375,
    "F1": 0.7927927927927928,
    "Micro-F1": 0.784375,
    "Macro-F1": 0.78401854623353,
    "Weighted-F1": 0.7840185462335298
}