{
    "Precision": 0.6623931623931624,
    "Recall": 0.9967845659163987,
    "Accuracy": 0.7971938775510204,
    "F1": 0.7958921694480102,
    "Micro-F1": 0.7971938775510204,
    "Macro-F1": 0.7971856284502409,
    "Weighted-F1": 0.7974528993154978
}