{
    "Precision": 0.5772357723577236,
    "Recall": 0.8875,
    "Accuracy": 0.61875,
    "F1": 0.6995073891625616,
    "Micro-F1": 0.61875,
    "Macro-F1": 0.5890699338975202,
    "Weighted-F1": 0.5890699338975202
}