{
    "Precision": 0.6052631578947368,
    "Recall": 0.8625,
    "Accuracy": 0.65,
    "F1": 0.711340206185567,
    "Micro-F1": 0.65,
    "Macro-F1": 0.6334478808705613,
    "Weighted-F1": 0.6334478808705614
}