{
    "Precision": 0.5961070559610706,
    "Recall": 0.9404990403071017,
    "Accuracy": 0.6516314779270633,
    "F1": 0.7297096053611318,
    "Micro-F1": 0.6516314779270633,
    "Macro-F1": 0.6199155314255052,
    "Weighted-F1": 0.6199155314255052
}