{
    "Precision": 0.5872340425531914,
    "Recall": 0.8625,
    "Accuracy": 0.628125,
    "F1": 0.6987341772151898,
    "Micro-F1": 0.628125,
    "Macro-F1": 0.606509945750452,
    "Weighted-F1": 0.606509945750452
}