{
    "Precision": 0.652232746955345,
    "Recall": 0.9251439539347409,
    "Accuracy": 0.7159309021113244,
    "F1": 0.765079365079365,
    "Micro-F1": 0.7159309021113244,
    "Macro-F1": 0.7029280320542457,
    "Weighted-F1": 0.7029280320542456
}