{
    "Precision": 0.5535714285714286,
    "Recall": 0.9967845659163987,
    "Accuracy": 0.6798469387755102,
    "F1": 0.711825487944891,
    "Micro-F1": 0.6798469387755102,
    "Macro-F1": 0.6758553551632633,
    "Weighted-F1": 0.668422751195631
}