{
    "Precision": 0.6079664570230608,
    "Recall": 0.8405797101449275,
    "Accuracy": 0.6492753623188405,
    "F1": 0.7055961070559611,
    "Micro-F1": 0.6492753623188405,
    "Macro-F1": 0.6359521753917798,
    "Weighted-F1": 0.6359521753917798
}