{
    "Precision": 0.5273972602739726,
    "Recall": 0.9903536977491961,
    "Accuracy": 0.6441326530612245,
    "F1": 0.6882681564245811,
    "Micro-F1": 0.6441326530612245,
    "Macro-F1": 0.636853246117194,
    "Weighted-F1": 0.6262292467934737
}