{
    "Precision": 0.5893909626719057,
    "Recall": 0.8695652173913043,
    "Accuracy": 0.6318840579710145,
    "F1": 0.702576112412178,
    "Micro-F1": 0.6318840579710145,
    "Macro-F1": 0.6098431892859368,
    "Weighted-F1": 0.6098431892859368
}