{
    "Precision": 0.6077586206896551,
    "Recall": 0.8173913043478261,
    "Accuracy": 0.644927536231884,
    "F1": 0.6971569839307787,
    "Micro-F1": 0.644927536231884,
    "Macro-F1": 0.6340425900389446,
    "Weighted-F1": 0.6340425900389446
}