{
    "Precision": 0.6205583756345178,
    "Recall": 0.9385796545105566,
    "Accuracy": 0.682341650671785,
    "F1": 0.747135217723453,
    "Micro-F1": 0.682341650671785,
    "Macro-F1": 0.6600192217649523,
    "Weighted-F1": 0.6600192217649523
}