{
    "Precision": 0.5384615384615384,
    "Recall": 0.9903536977491961,
    "Accuracy": 0.6594387755102041,
    "F1": 0.6976217440543602,
    "Micro-F1": 0.6594387755102041,
    "Macro-F1": 0.653920361078275,
    "Weighted-F1": 0.6448902283714819
}