{
    "Precision": 0.5283687943262412,
    "Recall": 0.93125,
    "Accuracy": 0.55,
    "F1": 0.6742081447963801,
    "Micro-F1": 0.55,
    "Macro-F1": 0.4734677087618264,
    "Weighted-F1": 0.4734677087618264
}