{
    "Precision": 0.4125,
    "Recall": 0.954983922829582,
    "Accuracy": 0.44260204081632654,
    "F1": 0.5761396702230844,
    "Micro-F1": 0.44260204081632654,
    "Macro-F1": 0.3811797047577247,
    "Weighted-F1": 0.3408946098528927
}