{
    "Precision": 0.5265700483091788,
    "Recall": 0.9478260869565217,
    "Accuracy": 0.5478260869565217,
    "F1": 0.6770186335403726,
    "Micro-F1": 0.5478260869565217,
    "Macro-F1": 0.46169772256728775,
    "Weighted-F1": 0.46169772256728775
}