{
    "Precision": 0.25,
    "Recall": 0.4166666666666667,
    "Accuracy": 0.6811594202898551,
    "F1": 0.3125,
    "Micro-F1": 0.6811594202898551,
    "Macro-F1": 0.5524764150943396,
    "Weighted-F1": 0.7089827727645611,
    "ROC-AUC": 0.5767543859649124
}