{
    "Precision": 0.5149700598802395,
    "Recall": 0.9904030710172744,
    "Accuracy": 0.5287907869481766,
    "F1": 0.6776099803020355,
    "Micro-F1": 0.5287907869481766,
    "Macro-F1": 0.4011935819513742,
    "Weighted-F1": 0.4011935819513742
}