{
    "Precision": 0.41793103448275865,
    "Recall": 0.9742765273311897,
    "Accuracy": 0.45153061224489793,
    "F1": 0.584942084942085,
    "Micro-F1": 0.45153061224489793,
    "Macro-F1": 0.3883357041251778,
    "Weighted-F1": 0.34771040604821485
}