{
    "Precision": 0.5126135216952573,
    "Recall": 0.9750479846449136,
    "Accuracy": 0.5239923224568138,
    "F1": 0.671957671957672,
    "Micro-F1": 0.5239923224568138,
    "Macro-F1": 0.4024124024124024,
    "Weighted-F1": 0.4024124024124024
}