{
    "Precision": 0.40945945945945944,
    "Recall": 0.9742765273311897,
    "Accuracy": 0.43239795918367346,
    "F1": 0.576593720266413,
    "Micro-F1": 0.43239795918367346,
    "Macro-F1": 0.35792935529761655,
    "Weighted-F1": 0.3127461574341663
}