{
    "Precision": 0.5015641293013556,
    "Recall": 0.9232245681381958,
    "Accuracy": 0.5028790786948176,
    "F1": 0.65,
    "Micro-F1": 0.5028790786948176,
    "Macro-F1": 0.3961920529801325,
    "Weighted-F1": 0.3961920529801325
}