{
    "Precision": 0.5206349206349207,
    "Recall": 0.9507246376811594,
    "Accuracy": 0.5376811594202898,
    "F1": 0.6728205128205128,
    "Micro-F1": 0.5376811594202898,
    "Macro-F1": 0.44258309591642925,
    "Weighted-F1": 0.44258309591642925
}