{
    "Precision": 0.5273972602739726,
    "Recall": 0.9625,
    "Accuracy": 0.55,
    "F1": 0.6814159292035398,
    "Micro-F1": 0.55,
    "Macro-F1": 0.45772924119751457,
    "Weighted-F1": 0.45772924119751457
}