{
    "Precision": 0.8181818181818182,
    "Recall": 0.7346938775510204,
    "Accuracy": 0.6956521739130435,
    "F1": 0.7741935483870968,
    "Micro-F1": 0.6956521739130435,
    "Macro-F1": 0.6537634408602151,
    "Weighted-F1": 0.7043789932990494,
    "ROC-AUC": 0.6673469387755101
}