{
    "Precision": 0.7833333333333333,
    "Recall": 0.5595238095238095,
    "Accuracy": 0.6376811594202898,
    "F1": 0.6527777777777778,
    "Micro-F1": 0.6376811594202898,
    "Macro-F1": 0.6369949494949495,
    "Weighted-F1": 0.6404259991216513,
    "ROC-AUC": 0.6593915343915344
}