{
    "Precision": 0.5163398692810458,
    "Recall": 0.9159420289855073,
    "Accuracy": 0.5289855072463768,
    "F1": 0.6603970741901777,
    "Micro-F1": 0.5289855072463768,
    "Macro-F1": 0.4460377805939068,
    "Weighted-F1": 0.4460377805939068
}