{
    "Precision": 0.5187713310580204,
    "Recall": 0.95,
    "Accuracy": 0.534375,
    "F1": 0.6710816777041942,
    "Micro-F1": 0.534375,
    "Macro-F1": 0.43714511692696345,
    "Weighted-F1": 0.43714511692696345
}