{
    "Precision": 0.5229508196721312,
    "Recall": 0.9246376811594202,
    "Accuracy": 0.5405797101449276,
    "F1": 0.6680628272251309,
    "Micro-F1": 0.5405797101449276,
    "Macro-F1": 0.46109023714197717,
    "Weighted-F1": 0.46109023714197717
}