{
    "Precision": 0.5183673469387755,
    "Recall": 0.9750479846449136,
    "Accuracy": 0.5345489443378119,
    "F1": 0.6768820786142572,
    "Micro-F1": 0.5345489443378119,
    "Macro-F1": 0.4224890667513824,
    "Weighted-F1": 0.4224890667513824
}