{
    "Precision": 0.513986013986014,
    "Recall": 0.91875,
    "Accuracy": 0.525,
    "F1": 0.6591928251121076,
    "Micro-F1": 0.525,
    "Macro-F1": 0.4378438352364662,
    "Weighted-F1": 0.4378438352364662
}