{
    "Precision": 0.673134328358209,
    "Recall": 0.8673076923076923,
    "Accuracy": 0.723342939481268,
    "F1": 0.7579831932773109,
    "Micro-F1": 0.723342939481268,
    "Macro-F1": 0.7175566190601801,
    "Weighted-F1": 0.7175177846949379,
    "ROC-AUC": 0.723481101432157
}