{
    "Precision": 0.5270700636942676,
    "Recall": 0.9594202898550724,
    "Accuracy": 0.5492753623188406,
    "F1": 0.6803699897225077,
    "Micro-F1": 0.5492753623188406,
    "Macro-F1": 0.4581211127973718,
    "Weighted-F1": 0.4581211127973718
}