{
    "Precision": 0.41825613079019075,
    "Recall": 0.9871382636655949,
    "Accuracy": 0.4502551020408163,
    "F1": 0.5875598086124402,
    "Micro-F1": 0.4502551020408163,
    "Macro-F1": 0.38173401520488165,
    "Weighted-F1": 0.33920368544464635
}