{
    "Precision": 0.4407514450867052,
    "Recall": 0.9807073954983923,
    "Accuracy": 0.4987244897959184,
    "F1": 0.6081754735792622,
    "Micro-F1": 0.4987244897959184,
    "Macro-F1": 0.456300126170162,
    "Weighted-F1": 0.42491772020042456
}