{
    "Precision": 0.5099800399201597,
    "Recall": 0.980806142034549,
    "Accuracy": 0.519193857965451,
    "F1": 0.6710439921208142,
    "Micro-F1": 0.519193857965451,
    "Macro-F1": 0.3889979318892841,
    "Weighted-F1": 0.3889979318892841
}