{
    "Precision": 0.6708860759493671,
    "Recall": 0.7162162162162162,
    "Accuracy": 0.6594202898550725,
    "F1": 0.6928104575163399,
    "Micro-F1": 0.6594202898550725,
    "Macro-F1": 0.6553483181890642,
    "Weighted-F1": 0.658062965966403,
    "ROC-AUC": 0.6549831081081081
}