{
    "Precision": 0.5263157894736842,
    "Recall": 0.9375,
    "Accuracy": 0.546875,
    "F1": 0.6741573033707865,
    "Micro-F1": 0.546875,
    "Macro-F1": 0.46528377989052144,
    "Weighted-F1": 0.4652837798905214
}