{
    "Precision": 0.5373665480427047,
    "Recall": 0.94375,
    "Accuracy": 0.565625,
    "F1": 0.6848072562358276,
    "Micro-F1": 0.565625,
    "Macro-F1": 0.4931573969621349,
    "Weighted-F1": 0.4931573969621349
}