{
    "Precision": 0.525963149078727,
    "Recall": 0.9101449275362319,
    "Accuracy": 0.5449275362318841,
    "F1": 0.6666666666666666,
    "Micro-F1": 0.5449275362318841,
    "Macro-F1": 0.4748858447488584,
    "Weighted-F1": 0.4748858447488585
}