{
    "Precision": 0.7090909090909091,
    "Recall": 0.73125,
    "Accuracy": 0.715625,
    "F1": 0.72,
    "Micro-F1": 0.715625,
    "Macro-F1": 0.7155555555555555,
    "Weighted-F1": 0.7155555555555555,
    "ROC-AUC": 0.715625
}