{
    "Precision": 0.41216216216216217,
    "Recall": 0.9807073954983923,
    "Accuracy": 0.4375,
    "F1": 0.5803996194100857,
    "Micro-F1": 0.4375,
    "Macro-F1": 0.36370077682303126,
    "Weighted-F1": 0.3189237200639715
}