{
    "Precision": 0.5094527363184079,
    "Recall": 0.982725527831094,
    "Accuracy": 0.5182341650671785,
    "F1": 0.6710353866317169,
    "Micro-F1": 0.5182341650671785,
    "Macro-F1": 0.38569690478539254,
    "Weighted-F1": 0.3856969047853925
}