{
    "Precision": 0.5645472061657033,
    "Recall": 0.9421221864951769,
    "Accuracy": 0.6887755102040817,
    "F1": 0.7060240963855422,
    "Micro-F1": 0.6887755102040817,
    "Macro-F1": 0.6877003950762399,
    "Weighted-F1": 0.6839141200607973,
    "ROC-AUC": 0.732160458998117
}