{
    "Precision": 0.5568181818181818,
    "Recall": 0.7538461538461538,
    "Accuracy": 0.6014492753623188,
    "F1": 0.6405228758169934,
    "Micro-F1": 0.6014492753623188,
    "Macro-F1": 0.5966842021361389,
    "Weighted-F1": 0.594142829748843,
    "ROC-AUC": 0.6097997892518441
}