{
    "Precision": 0.5,
    "Recall": 0.83125,
    "Accuracy": 0.5,
    "F1": 0.6244131455399061,
    "Micro-F1": 0.5,
    "Macro-F1": 0.4383747970690185,
    "Weighted-F1": 0.4383747970690185
}