{
    "Precision": 0.5371428571428571,
    "Recall": 0.8173913043478261,
    "Accuracy": 0.5565217391304348,
    "F1": 0.6482758620689655,
    "Micro-F1": 0.5565217391304348,
    "Macro-F1": 0.5241379310344827,
    "Weighted-F1": 0.5241379310344827
}