{
    "Precision": 0.42938659058487877,
    "Recall": 0.9678456591639871,
    "Accuracy": 0.4770408163265306,
    "F1": 0.5948616600790514,
    "Micro-F1": 0.4770408163265306,
    "Macro-F1": 0.4287257940683027,
    "Weighted-F1": 0.3943966993058775
}