{
    "Precision": 0.5141955835962145,
    "Recall": 0.9385796545105566,
    "Accuracy": 0.525911708253359,
    "F1": 0.6644021739130435,
    "Micro-F1": 0.525911708253359,
    "Macro-F1": 0.42860631571469165,
    "Weighted-F1": 0.42860631571469165
}