{
    "Precision": 0.6196581196581197,
    "Recall": 0.90625,
    "Accuracy": 0.675,
    "F1": 0.7360406091370558,
    "Micro-F1": 0.675,
    "Macro-F1": 0.6566381907473897,
    "Weighted-F1": 0.6566381907473897
}