{
    "Precision": 0.6754032258064516,
    "Recall": 0.9710144927536232,
    "Accuracy": 0.7521739130434782,
    "F1": 0.7966706302021404,
    "Micro-F1": 0.7521739130434782,
    "Macro-F1": 0.7397082279025544,
    "Weighted-F1": 0.7397082279025544
}