{
    "Precision": 0.6125,
    "Recall": 0.91875,
    "Accuracy": 0.66875,
    "F1": 0.735,
    "Micro-F1": 0.66875,
    "Macro-F1": 0.6466666666666667,
    "Weighted-F1": 0.6466666666666667
}