{
    "Precision": 0.6398467432950191,
    "Recall": 0.9616122840690979,
    "Accuracy": 0.710172744721689,
    "F1": 0.7684049079754601,
    "Micro-F1": 0.710172744721689,
    "Macro-F1": 0.6906127103979864,
    "Weighted-F1": 0.6906127103979864
}