{
    "Precision": 0.673469387755102,
    "Recall": 0.9565217391304348,
    "Accuracy": 0.7463768115942029,
    "F1": 0.7904191616766467,
    "Micro-F1": 0.7463768115942029,
    "Macro-F1": 0.734659122122727,
    "Weighted-F1": 0.734659122122727
}