{
    "Precision": 0.6221945137157108,
    "Recall": 0.9577735124760077,
    "Accuracy": 0.6880998080614203,
    "F1": 0.7543461829176115,
    "Micro-F1": 0.6880998080614203,
    "Macro-F1": 0.663638268856966,
    "Weighted-F1": 0.6636382688569661
}