{
    "Precision": 0.697286012526096,
    "Recall": 0.9681159420289855,
    "Accuracy": 0.7739130434782608,
    "F1": 0.8106796116504854,
    "Micro-F1": 0.7739130434782608,
    "Macro-F1": 0.76505203604107,
    "Weighted-F1": 0.7650520360410701
}