{
    "Precision": 0.5299145299145299,
    "Recall": 0.9967845659163987,
    "Accuracy": 0.6479591836734694,
    "F1": 0.6919642857142857,
    "Micro-F1": 0.6479591836734694,
    "Macro-F1": 0.640625,
    "Weighted-F1": 0.630016627186589
}