{
    "Precision": 0.557347670250896,
    "Recall": 1.0,
    "Accuracy": 0.6849489795918368,
    "F1": 0.715765247410817,
    "Micro-F1": 0.6849489795918368,
    "Macro-F1": 0.6812016508870966,
    "Weighted-F1": 0.6740596832380626
}