{
    "Precision": 0.5109612141652614,
    "Recall": 0.9742765273311897,
    "Accuracy": 0.6198979591836735,
    "F1": 0.6703539823008849,
    "Micro-F1": 0.6198979591836735,
    "Macro-F1": 0.6107794007889966,
    "Weighted-F1": 0.598469346956183
}