{
    "Precision": 0.6292134831460674,
    "Recall": 0.9673704414587332,
    "Accuracy": 0.6986564299424184,
    "F1": 0.762481089258699,
    "Micro-F1": 0.6986564299424184,
    "Macro-F1": 0.6752037992225253,
    "Weighted-F1": 0.6752037992225253
}