{
    "Precision": 0.65625,
    "Recall": 0.91875,
    "Accuracy": 0.71875,
    "F1": 0.765625,
    "Micro-F1": 0.71875,
    "Macro-F1": 0.70703125,
    "Weighted-F1": 0.70703125
}