{
    "Precision": 0.6205357142857143,
    "Recall": 0.86875,
    "Accuracy": 0.66875,
    "F1": 0.7239583333333334,
    "Micro-F1": 0.66875,
    "Macro-F1": 0.6549479166666667,
    "Weighted-F1": 0.6549479166666667
}