{
    "Precision": 0.6373056994818653,
    "Recall": 0.944337811900192,
    "Accuracy": 0.7034548944337812,
    "F1": 0.7610208816705336,
    "Micro-F1": 0.7034548944337812,
    "Macro-F1": 0.6851880640969609,
    "Weighted-F1": 0.6851880640969609
}