{
    "Precision": 0.4813664596273292,
    "Recall": 0.9967845659163987,
    "Accuracy": 0.5727040816326531,
    "F1": 0.6492146596858639,
    "Micro-F1": 0.5727040816326531,
    "Macro-F1": 0.5513610003160152,
    "Weighted-F1": 0.5311412390686739
}