{
    "Precision": 0.5297805642633229,
    "Recall": 0.9797101449275363,
    "Accuracy": 0.5550724637681159,
    "F1": 0.6876907426246185,
    "Micro-F1": 0.5550724637681159,
    "Macro-F1": 0.4571954972568936,
    "Weighted-F1": 0.4571954972568936
}