{
    "Precision": 0.4936708860759494,
    "Recall": 0.375,
    "Accuracy": 0.6007604562737643,
    "F1": 0.4262295081967213,
    "Micro-F1": 0.6007604562737643,
    "Macro-F1": 0.5600535296085647,
    "Weighted-F1": 0.5880395416908895
}