{
    "Precision": 0.5523114355231143,
    "Recall": 0.43822393822393824,
    "Accuracy": 0.5419479267116682,
    "F1": 0.48869752421959095,
    "Micro-F1": 0.5419479267116682,
    "Macro-F1": 0.5369251813237693,
    "Weighted-F1": 0.5369716882255091
}