{
    "Precision": 0.5263157894736842,
    "Recall": 0.23346303501945526,
    "Accuracy": 0.5078431372549019,
    "F1": 0.32345013477088946,
    "Micro-F1": 0.5078431372549019,
    "Macro-F1": 0.4683506451974632,
    "Weighted-F1": 0.4672141706058823
}