{
    "Precision": 0.5608108108108109,
    "Recall": 0.24057971014492754,
    "Accuracy": 0.5240174672489083,
    "F1": 0.3367139959432049,
    "Micro-F1": 0.5240174672489083,
    "Macro-F1": 0.48277243497500766,
    "Weighted-F1": 0.48213462519757627
}