{
    "Precision": 0.5037593984962406,
    "Recall": 0.3857965451055662,
    "Accuracy": 0.5004821600771456,
    "F1": 0.4369565217391304,
    "Micro-F1": 0.5004821600771456,
    "Macro-F1": 0.49404151910180094,
    "Weighted-F1": 0.4937662780344785
}