{
    "Precision": 0.5619047619047619,
    "Recall": 0.3710691823899371,
    "Accuracy": 0.5379746835443038,
    "F1": 0.44696969696969696,
    "Micro-F1": 0.5379746835443038,
    "Macro-F1": 0.5251152832674572,
    "Weighted-F1": 0.5246206909491169
}