{
    "Precision": 0.504950495049505,
    "Recall": 0.32075471698113206,
    "Accuracy": 0.5031446540880503,
    "F1": 0.3923076923076923,
    "Micro-F1": 0.5031446540880503,
    "Macro-F1": 0.4860474631751227,
    "Weighted-F1": 0.4860474631751228
}