{
    "Precision": 0.5321782178217822,
    "Recall": 0.41346153846153844,
    "Accuracy": 0.525,
    "F1": 0.4653679653679654,
    "Micro-F1": 0.525,
    "Macro-F1": 0.5190161626147786,
    "Weighted-F1": 0.5190161626147786
}