{
    "Precision": 0.5074626865671642,
    "Recall": 0.19710144927536233,
    "Accuracy": 0.502177068214804,
    "F1": 0.2839248434237996,
    "Micro-F1": 0.502177068214804,
    "Macro-F1": 0.45119490224582637,
    "Weighted-F1": 0.4509521300269265
}