{
    "Precision": 0.4594594594594595,
    "Recall": 0.31875,
    "Accuracy": 0.4702194357366771,
    "F1": 0.3763837638376384,
    "Micro-F1": 0.4702194357366771,
    "Macro-F1": 0.45794665031118975,
    "Weighted-F1": 0.4576909672814921
}