{
    "Precision": 0.42857142857142855,
    "Recall": 0.3967741935483871,
    "Accuracy": 0.55,
    "F1": 0.4120603015075377,
    "Micro-F1": 0.55,
    "Macro-F1": 0.5237871600995632,
    "Weighted-F1": 0.5467054900671582
}