{
    "Precision": 0.42641509433962266,
    "Recall": 0.36688311688311687,
    "Accuracy": 0.5551282051282052,
    "F1": 0.3944153577661431,
    "Micro-F1": 0.5551282051282052,
    "Macro-F1": 0.5214224711829702,
    "Weighted-F1": 0.548126530927021
}