{
    "Precision": 0.5708333333333333,
    "Recall": 0.85625,
    "Accuracy": 0.60625,
    "F1": 0.685,
    "Micro-F1": 0.60625,
    "Macro-F1": 0.5800000000000001,
    "Weighted-F1": 0.5800000000000001
}