{
    "Precision": 0.6063694267515923,
    "Recall": 0.9136276391554703,
    "Accuracy": 0.6602687140115163,
    "F1": 0.7289433384379785,
    "Micro-F1": 0.6602687140115163,
    "Macro-F1": 0.6369652424837707,
    "Weighted-F1": 0.6369652424837707
}