{
    "Precision": 0.5704387990762124,
    "Recall": 0.9481765834932822,
    "Accuracy": 0.6170825335892515,
    "F1": 0.7123287671232876,
    "Micro-F1": 0.6170825335892515,
    "Macro-F1": 0.5699376977653741,
    "Weighted-F1": 0.5699376977653742
}