{
    "Precision": 0.5184426229508197,
    "Recall": 0.9712092130518234,
    "Accuracy": 0.5345489443378119,
    "F1": 0.6760187040748163,
    "Micro-F1": 0.5345489443378119,
    "Macro-F1": 0.4248918051890266,
    "Weighted-F1": 0.4248918051890266
}