{
    "Precision": 0.5970873786407767,
    "Recall": 0.76875,
    "Accuracy": 0.625,
    "F1": 0.6721311475409836,
    "Micro-F1": 0.625,
    "Macro-F1": 0.6170874715807108,
    "Weighted-F1": 0.6170874715807108
}