{
    "Precision": 0.7182741116751269,
    "Recall": 0.8202898550724638,
    "Accuracy": 0.7492753623188406,
    "F1": 0.7658998646820027,
    "Micro-F1": 0.7492753623188406,
    "Macro-F1": 0.7480045345250887,
    "Weighted-F1": 0.7480045345250886
}