{
    "Precision": 0.5259515570934256,
    "Recall": 0.95,
    "Accuracy": 0.546875,
    "F1": 0.6770601336302895,
    "Micro-F1": 0.546875,
    "Macro-F1": 0.45894891498268403,
    "Weighted-F1": 0.45894891498268403
}