{
    "Precision": 0.6165703275529865,
    "Recall": 0.927536231884058,
    "Accuracy": 0.6753623188405797,
    "F1": 0.7407407407407407,
    "Micro-F1": 0.6753623188405797,
    "Macro-F1": 0.6533161068044788,
    "Weighted-F1": 0.6533161068044789
}