{
    "Precision": 0.48738170347003157,
    "Recall": 0.9935691318327974,
    "Accuracy": 0.5829081632653061,
    "F1": 0.653968253968254,
    "Micro-F1": 0.5829081632653061,
    "Macro-F1": 0.5645443196004993,
    "Weighted-F1": 0.5460664147949175
}