{
    "Precision": 0.6407185628742516,
    "Recall": 0.9304347826086956,
    "Accuracy": 0.7043478260869566,
    "F1": 0.7588652482269503,
    "Micro-F1": 0.7043478260869566,
    "Macro-F1": 0.6884213881584189,
    "Weighted-F1": 0.688421388158419
}