{
    "Precision": 0.45007235890014474,
    "Recall": 1.0,
    "Accuracy": 0.5153061224489796,
    "F1": 0.6207584830339321,
    "Micro-F1": 0.5153061224489796,
    "Macro-F1": 0.4746901955805703,
    "Weighted-F1": 0.4445077178159726
}