{
    "Precision": 0.5682656826568265,
    "Recall": 0.9903536977491961,
    "Accuracy": 0.6977040816326531,
    "F1": 0.7221570926143025,
    "Micro-F1": 0.6977040816326531,
    "Macro-F1": 0.6953442805728856,
    "Weighted-F1": 0.6898038780847356
}