{
    "Precision": 0.7011070110701108,
    "Recall": 0.5507246376811594,
    "Accuracy": 0.6579710144927536,
    "F1": 0.6168831168831169,
    "Micro-F1": 0.6579710144927536,
    "Macro-F1": 0.6539912966614537,
    "Weighted-F1": 0.6539912966614537
}