{
    "Precision": 0.6316872427983539,
    "Recall": 0.9871382636655949,
    "Accuracy": 0.7665816326530612,
    "F1": 0.7703889585947302,
    "Micro-F1": 0.7665816326530612,
    "Macro-F1": 0.7665174364958087,
    "Weighted-F1": 0.7657174536131235
}