{
    "Precision": 0.7090032154340836,
    "Recall": 0.8464491362763915,
    "Accuracy": 0.7495201535508638,
    "F1": 0.7716535433070866,
    "Micro-F1": 0.7495201535508638,
    "Macro-F1": 0.7471445187311203,
    "Weighted-F1": 0.7471445187311203
}