{
    "Precision": 0.6892655367231638,
    "Recall": 0.7024952015355086,
    "Accuracy": 0.6928982725527831,
    "F1": 0.6958174904942965,
    "Micro-F1": 0.6928982725527831,
    "Macro-F1": 0.6928699855572258,
    "Weighted-F1": 0.6928699855572258
}