{
    "Precision": 0.7191780821917808,
    "Recall": 0.6086956521739131,
    "Accuracy": 0.6855072463768116,
    "F1": 0.6593406593406593,
    "Micro-F1": 0.6855072463768116,
    "Macro-F1": 0.6836407199798855,
    "Weighted-F1": 0.6836407199798855
}