{
    "Precision": 0.6762589928057554,
    "Recall": 0.5875,
    "Accuracy": 0.653125,
    "F1": 0.6287625418060201,
    "Micro-F1": 0.653125,
    "Macro-F1": 0.6516246726625408,
    "Weighted-F1": 0.6516246726625408
}