{
    "Precision": 0.738562091503268,
    "Recall": 0.70625,
    "Accuracy": 0.728125,
    "F1": 0.7220447284345048,
    "Micro-F1": 0.728125,
    "Macro-F1": 0.7279948412814726,
    "Weighted-F1": 0.7279948412814726
}