{
    "Precision": 0.6166328600405679,
    "Recall": 0.977491961414791,
    "Accuracy": 0.75,
    "F1": 0.7562189054726368,
    "Micro-F1": 0.75,
    "Macro-F1": 0.7498372014274179,
    "Weighted-F1": 0.7485185329895028
}