{
    "Precision": 0.7074829931972789,
    "Recall": 0.65,
    "Accuracy": 0.690625,
    "F1": 0.6775244299674267,
    "Micro-F1": 0.690625,
    "Macro-F1": 0.6901135663350647,
    "Weighted-F1": 0.6901135663350647
}