{
    "Precision": 0.6916932907348243,
    "Recall": 0.8310940499040307,
    "Accuracy": 0.7303262955854126,
    "F1": 0.7550130775937227,
    "Micro-F1": 0.7303262955854126,
    "Macro-F1": 0.7275599005898177,
    "Weighted-F1": 0.7275599005898177
}