{
    "Precision": 0.6963696369636964,
    "Recall": 0.6115942028985507,
    "Accuracy": 0.672463768115942,
    "F1": 0.6512345679012346,
    "Micro-F1": 0.672463768115942,
    "Macro-F1": 0.6712456992511637,
    "Weighted-F1": 0.6712456992511637
}