{
    "Precision": 0.6214574898785425,
    "Recall": 0.9871382636655949,
    "Accuracy": 0.7563775510204082,
    "F1": 0.7627329192546584,
    "Micro-F1": 0.7563775510204082,
    "Macro-F1": 0.7562026326286397,
    "Weighted-F1": 0.7548532621778553
}