{
    "Precision": 0.6020114942528736,
    "Recall": 0.8042226487523992,
    "Accuracy": 0.6362763915547025,
    "F1": 0.6885784716516024,
    "Micro-F1": 0.6362763915547025,
    "Macro-F1": 0.6257194549722833,
    "Weighted-F1": 0.6257194549722833
}