{
    "Precision": 0.48841698841698844,
    "Recall": 0.8135048231511254,
    "Accuracy": 0.5880102040816326,
    "F1": 0.6103739445114595,
    "Micro-F1": 0.5880102040816326,
    "Macro-F1": 0.5866484066265011,
    "Weighted-F1": 0.5817459357880276
}