{
    "Precision": 0.5427435387673957,
    "Recall": 0.7913043478260869,
    "Accuracy": 0.5623188405797102,
    "F1": 0.6438679245283019,
    "Micro-F1": 0.5623188405797102,
    "Macro-F1": 0.5380993757979855,
    "Weighted-F1": 0.5380993757979855
}