{
    "Precision": 0.5608465608465608,
    "Recall": 0.6625,
    "Accuracy": 0.571875,
    "F1": 0.6074498567335244,
    "Micro-F1": 0.571875,
    "Macro-F1": 0.5683297393633258,
    "Weighted-F1": 0.5683297393633258
}