{
    "Precision": 0.6430107526881721,
    "Recall": 0.9614147909967846,
    "Accuracy": 0.7729591836734694,
    "F1": 0.770618556701031,
    "Micro-F1": 0.7729591836734694,
    "Macro-F1": 0.7729355409767782,
    "Weighted-F1": 0.7734143055847769
}