{
    "Precision": 0.7423664122137404,
    "Recall": 0.746641074856046,
    "Accuracy": 0.7437619961612284,
    "F1": 0.7444976076555024,
    "Micro-F1": 0.7437619961612284,
    "Macro-F1": 0.7437598721626887,
    "Weighted-F1": 0.7437598721626886
}