{
    "Precision": 0.7669172932330827,
    "Recall": 0.6375,
    "Accuracy": 0.721875,
    "F1": 0.6962457337883959,
    "Micro-F1": 0.721875,
    "Macro-F1": 0.7198807919662441,
    "Weighted-F1": 0.7198807919662441
}