{
    "Precision": 0.7521367521367521,
    "Recall": 0.7652173913043478,
    "Accuracy": 0.7565217391304347,
    "F1": 0.7586206896551724,
    "Micro-F1": 0.7565217391304347,
    "Macro-F1": 0.7565033272837265,
    "Weighted-F1": 0.7565033272837265
}