{
    "Precision": 0.7465753424657534,
    "Recall": 0.68125,
    "Accuracy": 0.725,
    "F1": 0.7124183006535948,
    "Micro-F1": 0.725,
    "Macro-F1": 0.7244726233806896,
    "Weighted-F1": 0.7244726233806896
}