{
    "Precision": 0.7897727272727273,
    "Recall": 0.8057971014492754,
    "Accuracy": 0.7956521739130434,
    "F1": 0.7977044476327116,
    "Micro-F1": 0.7956521739130434,
    "Macro-F1": 0.7956311403610117,
    "Weighted-F1": 0.7956311403610118
}