{
    "Precision": 0.71875,
    "Recall": 0.9614147909967846,
    "Accuracy": 0.8354591836734694,
    "F1": 0.8225584594222833,
    "Micro-F1": 0.8354591836734694,
    "Macro-F1": 0.8345848182961595,
    "Weighted-F1": 0.8370698567369349
}