{
    "Precision": 0.8,
    "Recall": 0.7754318618042226,
    "Accuracy": 0.7907869481765835,
    "F1": 0.7875243664717348,
    "Micro-F1": 0.7907869481765835,
    "Macro-F1": 0.7907376085666803,
    "Weighted-F1": 0.7907376085666803
}