{
    "Precision": 0.6720183486238532,
    "Recall": 0.9421221864951769,
    "Accuracy": 0.7946428571428571,
    "F1": 0.784471218206158,
    "Micro-F1": 0.7946428571428571,
    "Macro-F1": 0.7941844519776222,
    "Weighted-F1": 0.7961915232416237
}