{
    "Precision": 0.776937618147448,
    "Recall": 0.7888675623800384,
    "Accuracy": 0.781190019193858,
    "F1": 0.7828571428571428,
    "Micro-F1": 0.781190019193858,
    "Macro-F1": 0.7811771207515887,
    "Weighted-F1": 0.7811771207515887
}