{
    "Precision": 0.8014705882352942,
    "Recall": 0.68125,
    "Accuracy": 0.75625,
    "F1": 0.7364864864864865,
    "Micro-F1": 0.75625,
    "Macro-F1": 0.7548711502199874,
    "Weighted-F1": 0.7548711502199874
}