{
    "Precision": 0.7288629737609329,
    "Recall": 0.7246376811594203,
    "Accuracy": 0.7275362318840579,
    "F1": 0.7267441860465116,
    "Micro-F1": 0.7275362318840579,
    "Macro-F1": 0.7275339427342384,
    "Weighted-F1": 0.7275339427342384
}