{
    "Precision": 0.6386138613861386,
    "Recall": 0.80625,
    "Accuracy": 0.675,
    "F1": 0.712707182320442,
    "Micro-F1": 0.675,
    "Macro-F1": 0.6693032314479908,
    "Weighted-F1": 0.6693032314479908
}