{
    "Precision": 0.6296296296296297,
    "Recall": 0.6898550724637681,
    "Accuracy": 0.6420289855072464,
    "F1": 0.6583679114799447,
    "Micro-F1": 0.6420289855072464,
    "Macro-F1": 0.6412083088602158,
    "Weighted-F1": 0.6412083088602158
}