{
    "Precision": 0.6011787819253438,
    "Recall": 0.9839228295819936,
    "Accuracy": 0.7346938775510204,
    "F1": 0.7463414634146341,
    "Micro-F1": 0.7346938775510204,
    "Macro-F1": 0.7341332985522369,
    "Weighted-F1": 0.731610693057711
}