{
    "Precision": 0.5965250965250966,
    "Recall": 0.9935691318327974,
    "Accuracy": 0.7308673469387755,
    "F1": 0.7454764776839565,
    "Micro-F1": 0.7308673469387755,
    "Macro-F1": 0.7299777516971879,
    "Weighted-F1": 0.7267752088274732
}