{
    "Precision": 0.6219839142091153,
    "Recall": 0.8905950095969289,
    "Accuracy": 0.6746641074856046,
    "F1": 0.7324388318863457,
    "Micro-F1": 0.6746641074856046,
    "Macro-F1": 0.6587530756738951,
    "Weighted-F1": 0.658753075673895
}