{
    "Precision": 0.7025641025641025,
    "Recall": 0.85625,
    "Accuracy": 0.746875,
    "F1": 0.7718309859154929,
    "Micro-F1": 0.746875,
    "Macro-F1": 0.7438102297998517,
    "Weighted-F1": 0.7438102297998517
}