{
    "Precision": 0.6648793565683646,
    "Recall": 0.7188405797101449,
    "Accuracy": 0.6782608695652174,
    "F1": 0.6908077994428969,
    "Micro-F1": 0.6782608695652174,
    "Macro-F1": 0.6777301837093639,
    "Weighted-F1": 0.6777301837093639
}