{
    "Precision": 0.6266490765171504,
    "Recall": 0.9117082533589251,
    "Accuracy": 0.6842610364683301,
    "F1": 0.7427677873338546,
    "Micro-F1": 0.6842610364683301,
    "Macro-F1": 0.6670360675799708,
    "Weighted-F1": 0.6670360675799708
}