{
    "Precision": 0.6160714285714286,
    "Recall": 0.6655948553054662,
    "Accuracy": 0.7028061224489796,
    "F1": 0.6398763523956723,
    "Micro-F1": 0.7028061224489796,
    "Macro-F1": 0.6934452337439816,
    "Weighted-F1": 0.7045143138185048
}