{
    "Precision": 0.6251673360107095,
    "Recall": 0.8963531669865643,
    "Accuracy": 0.6794625719769674,
    "F1": 0.7365930599369085,
    "Micro-F1": 0.6794625719769674,
    "Macro-F1": 0.6636396672233562,
    "Weighted-F1": 0.6636396672233562
}