{
    "Precision": 0.6692913385826772,
    "Recall": 0.7391304347826086,
    "Accuracy": 0.6869565217391305,
    "F1": 0.7024793388429752,
    "Micro-F1": 0.6869565217391305,
    "Macro-F1": 0.6861020547425885,
    "Weighted-F1": 0.6861020547425885
}