{
    "Precision": 0.6318407960199005,
    "Recall": 0.79375,
    "Accuracy": 0.665625,
    "F1": 0.703601108033241,
    "Micro-F1": 0.665625,
    "Macro-F1": 0.6600442816151868,
    "Weighted-F1": 0.6600442816151869
}