{
    "Precision": 0.7215384615384616,
    "Recall": 0.9001919385796545,
    "Accuracy": 0.7763915547024952,
    "F1": 0.8010247651579846,
    "Micro-F1": 0.7763915547024952,
    "Macro-F1": 0.77291106823069,
    "Weighted-F1": 0.77291106823069
}