{
    "Precision": 0.5204081632653061,
    "Recall": 0.9839228295819936,
    "Accuracy": 0.6339285714285714,
    "F1": 0.6807563959955506,
    "Micro-F1": 0.6339285714285714,
    "Macro-F1": 0.6258789453819307,
    "Weighted-F1": 0.6145394721684022
}