{
    "Precision": 0.5811623246492986,
    "Recall": 0.8405797101449275,
    "Accuracy": 0.6173913043478261,
    "F1": 0.6872037914691943,
    "Micro-F1": 0.6173913043478261,
    "Macro-F1": 0.5973332390181793,
    "Weighted-F1": 0.5973332390181793
}