{
    "Precision": 0.6565656565656566,
    "Recall": 0.8125,
    "Accuracy": 0.69375,
    "F1": 0.7262569832402235,
    "Micro-F1": 0.69375,
    "Macro-F1": 0.6893696263718848,
    "Weighted-F1": 0.6893696263718848
}