{
    "Precision": 0.5235294117647059,
    "Recall": 0.7739130434782608,
    "Accuracy": 0.5347826086956522,
    "F1": 0.624561403508772,
    "Micro-F1": 0.5347826086956522,
    "Macro-F1": 0.5065664160401002,
    "Weighted-F1": 0.5065664160401002
}