{
    "Precision": 0.5225563909774437,
    "Recall": 0.86875,
    "Accuracy": 0.5375,
    "F1": 0.6525821596244131,
    "Micro-F1": 0.5375,
    "Macro-F1": 0.4804966872888421,
    "Weighted-F1": 0.48049668728884204
}