{
    "Precision": 0.41935483870967744,
    "Recall": 0.8778135048231511,
    "Accuracy": 0.46938775510204084,
    "F1": 0.5675675675675675,
    "Micro-F1": 0.46938775510204084,
    "Macro-F1": 0.44054946035144055,
    "Weighted-F1": 0.4143033718705572
}