{
    "Precision": 0.5084175084175084,
    "Recall": 0.8694817658349329,
    "Accuracy": 0.5143953934740882,
    "F1": 0.6416430594900849,
    "Micro-F1": 0.5143953934740882,
    "Macro-F1": 0.44433343450694723,
    "Weighted-F1": 0.44433343450694723
}